Opening Price,Closing Price,High Price,Low Price,Volume,Market Sentiment,Day,Month,Year,Weekday
218.54,212.23999999999998,219.54,210.86999999999998,1514022,0.16312840887597746,1,1,2023,6
477.82,478.65999999999997,479.67999999999995,473.31,3901250,0.42939135047146837,2,1,2023,0
379.4,386.85999999999996,386.90999999999997,378.32,1052246,-0.5195611335832289,3,1,2023,1
319.4,324.03999999999996,326.22999999999996,314.97999999999996,119675,-0.11245732181550983,4,1,2023,2
120.21,126.33999999999999,130.75,117.41,173997,-0.43526416191468753,5,1,2023,3
120.2,123.38000000000001,123.64000000000001,116.06,1067561,-0.8380925277686238,6,1,2023,4
76.14,79.99,80.94999999999999,72.58,2098671,0.7532276540317833,7,1,2023,5
439.78,446.76,448.31,436.29999999999995,586799,0.4577396089766823,8,1,2023,6
320.5,315.49,324.16,313.87,2338057,-0.3970738810823986,9,1,2023,0
368.63,368.42,371.83,367.25,4564344,0.19874598574397262,10,1,2023,1
59.26,53.68,61.339999999999996,52.63,2509029,-0.5974724237310551,11,1,2023,2
486.46,496.21,500.01,482.16999999999996,4021451,0.7804732435915418,12,1,2023,3
424.6,433.48,436.53000000000003,420.5,666088,-0.7701873132761794,13,1,2023,4
145.55,136.34,150.03,134.14000000000001,1862999,-0.9923257089843982,14,1,2023,5
131.82,135.93,140.02,131.16,758003,0.0040163954783642986,15,1,2023,6
132.53,141.03,142.29,130.62,2500081,0.16625564690573857,16,1,2023,0
186.91,180.52,188.27,177.42000000000002,905113,0.15793064059160877,17,1,2023,1
286.14,287.5,288.13,283.87,2563160,-0.8909761451243474,18,1,2023,2
244.38,252.69,254.37,240.48,1033396,-0.37191238616313504,19,1,2023,3
181.05,171.73000000000002,186.05,166.74,3262801,-0.0016021063173363714,20,1,2023,4
325.33,329.28,331.30999999999995,324.37,4134464,-0.5668416287455182,21,1,2023,5
112.77,108.72,113.86999999999999,106.42,1703546,0.7452517709717927,22,1,2023,6
181.47,189.96,193.77,179.32,2192101,-0.8257814210771319,23,1,2023,0
214.86,224.28,226.99,213.34,2059310,-0.025231116655914265,24,1,2023,1
255.23,264.12,264.87,254.23999999999998,1556081,0.3828321150263041,25,1,2023,2
403.33,402.81,405.22999999999996,402.48,215359,-0.4764977997310351,26,1,2023,3
139.85,147.09,149.16,135.41,2263859,0.24848147399503628,27,1,2023,4
281.41,288.3,292.07,279.31,4545655,0.6587703002847491,28,1,2023,5
316.59,312.96999999999997,316.69,310.48999999999995,3835444,-0.6193260498099049,29,1,2023,6
70.9,77.48,78.83,66.32000000000001,3641483,0.8344411836497256,30,1,2023,0
323.4,314.14,325.98999999999995,310.26,2692631,0.10711706532471599,31,1,2023,1
126.74,128.67,130.01,126.08999999999999,1784351,-0.4015359913978789,1,2,2023,2
79.27,73.86999999999999,82.41,71.03999999999999,1612760,-0.13828344923545854,2,2,2023,3
477.0,469.41,479.41,467.20000000000005,1562436,-0.3756162324272241,3,2,2023,4
484.53,476.07,486.34,472.08,3657689,0.4502223198666322,4,2,2023,5
413.78,417.71,422.46,410.15999999999997,4546228,0.5926013268302643,5,2,2023,6
187.08,183.88000000000002,190.24,180.43000000000004,2980593,0.6658747846373221,6,2,2023,0
93.95,98.45,99.10000000000001,92.25,1963236,0.9715364991714823,7,2,2023,1
357.9,349.21,360.7,345.19,2446582,0.5825685849933671,8,2,2023,2
248.07,244.38,251.97,244.12,3673465,0.20276814137712673,9,2,2023,3
104.92,105.71000000000001,109.25000000000001,104.12,3867255,-0.3215594032164324,10,2,2023,4
272.83,278.64,279.5,271.15,1699792,0.08919089742149877,11,2,2023,5
65.47,61.85,70.33,61.47,4574770,-0.9178636544191892,12,2,2023,6
459.19,461.71,463.95,458.02,550930,0.4896501510598261,13,2,2023,0
166.45,174.17,174.97,162.29999999999998,4847647,-0.10808890981579644,14,2,2023,1
348.14,350.46,351.35999999999996,343.4,2502187,-0.9599535405356248,15,2,2023,2
190.27,184.93,190.76000000000002,183.41,3598408,-0.8749861169791784,16,2,2023,3
284.03,274.52,288.04999999999995,273.2,2465600,-0.2250670723564867,17,2,2023,4
296.02,303.41999999999996,304.03,294.62,3777361,0.16684303803687017,18,2,2023,5
133.18,123.61000000000001,133.81,122.22000000000001,3138915,-0.07159210209574662,19,2,2023,6
486.31,493.8,498.05,486.13,191006,0.23840863458430972,20,2,2023,0
398.81,399.39,401.11,394.18,4251785,-0.039411482417288424,21,2,2023,1
472.77,481.54999999999995,481.69999999999993,471.7,4178584,0.3234076909626935,22,2,2023,2
452.67,458.65000000000003,458.91,450.57,4423654,-0.5617478706583983,23,2,2023,3
319.05,329.01,329.71999999999997,319.0,788725,-0.7743136256327572,24,2,2023,4
464.84,461.84999999999997,465.90999999999997,457.55999999999995,3003030,0.1928679092513199,25,2,2023,5
89.82,95.16,98.49,86.16,888768,-0.030620966127385074,26,2,2023,6
138.19,136.23,138.98,131.5,306487,-0.9462646919101294,27,2,2023,0
70.35,69.94999999999999,70.94,66.03999999999999,3737820,-0.2390362290139283,28,2,2023,1
196.4,198.95000000000002,202.77,194.83,3384321,-0.787748829018009,1,3,2023,2
224.9,232.37,235.73000000000002,223.66,778841,0.06271366350539043,2,3,2023,3
172.11,181.79000000000002,183.97000000000003,168.62,3039302,-0.20844464067913848,3,3,2023,4
422.93,428.3,431.05,421.11,3552501,0.22630382220603584,4,3,2023,5
210.54,208.9,212.1,206.07,145232,0.6112044375404766,5,3,2023,6
176.42,174.85,178.82999999999998,174.82,2545840,-0.4006626323170184,6,3,2023,0
294.21,298.96,301.48999999999995,293.9,1479904,0.924204208330055,7,3,2023,1
113.42,108.2,115.36,105.52,3949033,0.0712690011751489,8,3,2023,2
410.99,403.2,415.52,400.37,1537188,0.23658159750957597,9,3,2023,3
83.55,80.64,83.63,76.88,1756321,0.3613447464514741,10,3,2023,4
494.1,489.84000000000003,498.01000000000005,489.18,638645,0.33346305971517953,11,3,2023,5
397.51,393.44,398.13,390.87,1671951,0.02194148609012414,12,3,2023,6
139.42,134.08999999999997,143.41,133.11999999999998,4625121,-0.142471417770633,13,3,2023,0
52.48,43.31999999999999,55.559999999999995,42.849999999999994,2929455,-0.8924360716452442,14,3,2023,1
416.96,407.32,421.18,405.27,2603292,-0.9558283093976405,15,3,2023,2
368.09,377.84,378.33,367.27,2290421,-0.2840776109344707,16,3,2023,3
378.05,376.61,380.84000000000003,375.5,3466823,-0.3326782187326147,17,3,2023,4
397.07,394.76,399.58,393.17,2710469,-0.22460969032198652,18,3,2023,5
83.32,86.91,90.44,82.02,2267354,-0.72326359822362,19,3,2023,6
211.31,205.68,213.98,205.24,1197353,0.4763365410736873,20,3,2023,0
102.14,111.14,113.84,101.69,4485010,0.7139288295524779,21,3,2023,1
438.4,444.13,446.28,437.42999999999995,4918750,0.87742927074807,22,3,2023,2
330.48,322.27000000000004,332.02000000000004,322.02000000000004,924255,-0.015275392960748313,23,3,2023,3
198.9,197.25,201.31,194.12,3571750,0.40173139825085724,24,3,2023,4
78.6,86.17999999999999,86.77,77.16,4575156,0.711102246871745,25,3,2023,5
189.94,198.82999999999998,203.64,188.54,2865331,-0.16341777781302813,26,3,2023,6
196.33,195.68,199.9,194.02,688158,-0.38117441025911125,27,3,2023,0
378.32,380.59,385.34999999999997,375.01,2730723,0.8734491117069803,28,3,2023,1
336.9,330.23999999999995,338.03,325.88999999999993,3931661,0.03135310215414622,29,3,2023,2
449.25,459.07,463.46999999999997,445.45,965139,-0.005492226818244017,30,3,2023,3
262.5,257.13,266.54,253.49,1678638,-0.6431678068730085,31,3,2023,4
103.82,112.66999999999999,116.05999999999999,101.39999999999999,3866484,-0.7836899708532865,1,4,2023,5
370.96,373.95,377.08,367.48999999999995,3001717,0.6842137249670233,2,4,2023,6
392.35,394.5,396.08,389.59000000000003,2311738,0.22826635237503612,3,4,2023,0
302.57,302.82,306.9,301.49,389768,-0.3483508319611026,4,4,2023,1
396.94,391.55,399.45,390.51,2739929,-0.616527565219467,5,4,2023,2
272.21,265.73999999999995,272.56,264.25999999999993,3233211,0.1109945603392628,6,4,2023,3
285.23,279.64000000000004,286.79,275.09000000000003,2368185,0.1678385785222707,7,4,2023,4
242.39,236.11999999999998,247.07,233.37999999999997,3327544,-0.5860127975098837,8,4,2023,5
61.44,67.03,71.28,57.769999999999996,1826199,0.7028114957829479,9,4,2023,6
98.55,95.55,103.46,93.82,4570013,-0.8314712676882978,10,4,2023,0
64.14,55.3,67.28,53.26,4468327,-0.28781382966715663,11,4,2023,1
336.38,345.76,347.0,335.75,543945,0.36076882752504424,12,4,2023,2
191.46,199.14000000000001,199.95000000000002,190.6,121253,-0.45175927236159863,13,4,2023,3
278.86,287.42,288.35,274.72,3703110,0.6553503895625437,14,4,2023,4
458.4,468.29999999999995,468.4,455.47999999999996,2376787,0.479735653200807,15,4,2023,5
162.18,155.66,164.13,153.97,2354614,0.5780456890962684,16,4,2023,6
234.67,232.58999999999997,235.63,228.57999999999998,3952666,-0.7617869282465675,17,4,2023,0
390.0,395.16,397.22,388.77,1050162,-0.7189057440089142,18,4,2023,1
152.96,156.88,161.54999999999998,148.08,1374634,-0.42705252451083275,19,4,2023,2
84.64,77.72,86.79,76.0,2855063,0.03615433039512217,20,4,2023,3
180.39,186.70999999999998,191.09999999999997,178.7,1328807,0.4960321533988048,21,4,2023,4
122.55,117.03999999999999,125.58,115.47999999999999,222775,0.673061781521807,22,4,2023,5
468.36,462.84000000000003,469.6,462.23,4614276,0.4086706319143609,23,4,2023,6
413.65,414.39,416.16999999999996,413.09,4563158,0.8571937630612767,24,4,2023,0
335.03,336.89,337.31,331.78999999999996,514600,0.47748701923186054,25,4,2023,1
442.16,443.76000000000005,445.43000000000006,437.78000000000003,2369070,-0.38746422599077057,26,4,2023,2
411.65,403.47999999999996,415.03999999999996,399.53,4513359,-0.4698374313228548,27,4,2023,3
133.96,141.51000000000002,141.87000000000003,133.25,2133901,0.3923849006021798,28,4,2023,4
451.65,446.96,452.67999999999995,444.22999999999996,2931569,-0.6142588626207715,29,4,2023,5
292.7,285.28999999999996,294.61,284.76,1548763,-0.8145703783794602,30,4,2023,6
413.35,421.12,426.03000000000003,413.12,2619507,0.06444574971238781,1,5,2023,0
453.24,462.35,466.27000000000004,449.96000000000004,1356715,0.6432831395579106,2,5,2023,1
193.1,200.34,204.01,190.42,180257,-0.7972403150602729,3,5,2023,2
99.52,105.71,106.28999999999999,99.11,1626534,0.5837826475914585,4,5,2023,3
152.57,155.67,159.57,152.4,924143,0.6231440087030962,5,5,2023,4
242.2,243.22,247.15,237.25,3114938,-0.03545199983691294,6,5,2023,5
418.11,409.85,421.12,409.70000000000005,3902986,-0.8853793799790264,7,5,2023,6
437.33,435.5,442.28,433.28,4822727,-0.6508202975056272,8,5,2023,0
53.13,50.580000000000005,54.760000000000005,48.06,471616,0.4148525503238647,9,5,2023,1
279.84,275.03999999999996,284.54999999999995,274.45,2060155,0.42355588998189897,10,5,2023,2
237.83,242.3,246.87,236.98000000000002,3724064,0.7967105503353307,11,5,2023,3
149.95,149.86999999999998,150.01,148.10999999999999,875158,0.16537229310916568,12,5,2023,4
103.94,95.56,106.19,91.75,2810527,-0.7517852645724452,13,5,2023,5
201.93,196.33,206.82,193.79000000000002,1868967,-0.7571701889900557,14,5,2023,6
474.31,477.98,478.5,471.12,1016383,0.44226471471364737,15,5,2023,0
195.44,186.96,198.18,182.03,379215,-0.6324306697841977,16,5,2023,1
283.46,290.47999999999996,295.36999999999995,279.62,2943236,-0.3432290007667893,17,5,2023,2
366.36,366.26,369.14,364.09,3837859,-0.02557598615617218,18,5,2023,3
213.63,213.24,214.57999999999998,211.01000000000002,373349,-0.9504702448476976,19,5,2023,4
487.3,489.15000000000003,492.06000000000006,484.21000000000004,4218893,-0.5023619459601363,20,5,2023,5
483.1,489.59000000000003,490.61,479.77000000000004,2060584,-0.18422078298543987,21,5,2023,6
163.3,160.26000000000002,165.9,157.76000000000002,3833003,-0.4407273630135875,22,5,2023,0
273.76,277.32,277.69,270.53999999999996,1516207,-0.7272593450648683,23,5,2023,1
185.4,186.71,189.74,185.28,678688,0.45602451559239476,24,5,2023,2
178.18,173.52,180.76000000000002,171.37,4326156,0.6262953103359699,25,5,2023,3
66.6,74.16999999999999,77.86999999999999,65.21,2574653,-0.48504204771255033,26,5,2023,4
324.3,330.25,333.4,323.65000000000003,3302209,0.5488389892126067,27,5,2023,5
276.21,279.38,282.13,275.71,4327995,-0.22889287119737234,28,5,2023,6
73.17,80.18,83.63000000000001,70.15,4688645,0.013371581708005564,29,5,2023,0
175.39,182.73999999999998,183.45999999999998,172.76999999999998,632726,0.7120021497863056,30,5,2023,1
458.72,462.89000000000004,465.87000000000006,457.45000000000005,4052255,0.4999073636048157,31,5,2023,2
157.8,164.54000000000002,165.40000000000003,155.45000000000002,3917242,0.6102337026323554,1,6,2023,3
115.2,119.15,123.78,112.74000000000001,339968,-0.7263096668272864,2,6,2023,4
270.25,273.85,274.19,269.27,388963,-0.860561148332541,3,6,2023,5
493.54,495.91,498.06,490.28000000000003,2692536,0.7868094581759741,4,6,2023,6
158.92,163.97,167.45,155.01999999999998,3075635,-0.2243314608578113,5,6,2023,0
352.46,345.63,354.75,341.67,3401017,-0.4242406438606383,6,6,2023,1
392.73,400.35,400.81,389.72,619165,0.449392508523649,7,6,2023,2
156.94,164.38,167.15,154.38,4514084,0.6728311931597133,8,6,2023,3
377.7,368.28,380.90999999999997,367.96999999999997,3540866,0.7249792437966018,9,6,2023,4
215.5,222.02,225.54000000000002,214.06,3978363,-0.36800571774954527,10,6,2023,5
334.54,327.12,336.41,326.65,3343484,0.704424782403348,11,6,2023,6
335.09,331.78999999999996,337.90999999999997,326.96999999999997,3124243,-0.9181321112513092,12,6,2023,0
291.1,295.97,298.22,290.42,1127557,-0.9006770170805622,13,6,2023,1
90.63,83.85,93.99,83.08999999999999,2096170,0.24703839034830888,14,6,2023,2
425.89,432.25,435.17,421.44,3988577,-0.8737872617689075,15,6,2023,3
194.35,200.98999999999998,203.61999999999998,189.63,1306123,-0.35078166297967694,16,6,2023,4
133.93,134.08,135.33,130.1,1716596,0.345511972493848,17,6,2023,5
68.35,58.48,68.36,58.449999999999996,1885559,-0.32546620789154734,18,6,2023,6
315.9,311.64,316.77,311.63,408449,-0.6408004371198082,19,6,2023,0
354.9,357.23999999999995,357.8299999999999,353.01,3947125,-0.43729875629231674,20,6,2023,1
57.46,67.08,69.33,56.74,633634,-0.08484933549913642,21,6,2023,2
280.44,283.08,286.14,280.35,4032747,-0.04922828928903522,22,6,2023,3
151.92,147.11999999999998,152.98999999999998,144.79999999999998,290237,0.566000462694404,23,6,2023,4
340.33,343.01,347.71,335.60999999999996,956047,0.500306458863025,24,6,2023,5
128.46,129.26000000000002,129.29000000000002,126.84,4723636,-0.08636439088772963,25,6,2023,6
360.92,366.52000000000004,370.38000000000005,357.61,4515677,0.6913346981975428,26,6,2023,0
224.03,216.17,227.16,212.91,1506368,-0.7715257228172083,27,6,2023,1
471.53,476.75,478.62,470.27,945474,-0.489293299542197,28,6,2023,2
111.88,112.71,112.96,108.63,4665537,0.655952927004503,29,6,2023,3
203.48,212.73999999999998,215.87999999999997,202.42,1324744,-0.2440119227476938,30,6,2023,4
101.06,97.9,102.99000000000001,97.29,4962894,0.9623631175876843,1,7,2023,5
466.11,468.76,473.44,462.6,3447769,-0.06749343694432919,2,7,2023,6
444.8,453.44,456.15,444.23,2231018,0.5838712459275281,3,7,2023,0
166.07,158.12,170.76999999999998,153.14000000000001,3351128,-0.1953859172352561,4,7,2023,1
346.99,355.73,356.83000000000004,346.07,4729375,-0.1500929618751392,5,7,2023,2
417.75,421.51,425.14,414.78,3589429,-0.23423370543163302,6,7,2023,3
299.84,291.2,302.92999999999995,289.14,2608426,0.4381512410216235,7,7,2023,4
288.34,284.35999999999996,292.03999999999996,283.72999999999996,2631086,0.09503576811998893,8,7,2023,5
158.83,162.99,164.06,158.69000000000003,394746,0.8875562227367382,9,7,2023,6
91.9,83.25,95.22,80.14,4452892,-0.4982193669317905,10,7,2023,0
453.75,455.39,457.88,449.72,1802159,-0.7988745358331113,11,7,2023,1
455.19,452.11,458.9,447.90000000000003,3857985,-0.21347702980156957,12,7,2023,2
334.9,337.32,338.96,332.48999999999995,3902177,0.23342541529355199,13,7,2023,3
202.56,193.47,207.01,189.58,2103426,0.72159787383099,14,7,2023,4
207.14,214.57,214.98999999999998,203.77999999999997,3451463,-0.30760622663934467,15,7,2023,5
376.68,386.15000000000003,390.19000000000005,373.06,223950,0.3075735022489232,16,7,2023,6
453.7,463.08,467.39,451.24,4623942,-0.2996026379535619,17,7,2023,0
449.19,454.18,458.27,446.02,4894821,0.23443916598891623,18,7,2023,1
400.94,393.54,403.5,389.51000000000005,1253224,0.7696158940613018,19,7,2023,2
338.91,344.08000000000004,346.27000000000004,336.92,4332851,-0.537284715481182,20,7,2023,3
87.86,78.35,92.84,74.32,2750235,-0.19151671578592167,21,7,2023,4
122.73,113.17,123.88000000000001,110.21000000000001,4840039,0.9865303928594931,22,7,2023,5
454.35,450.82000000000005,457.08000000000004,449.99000000000007,1840534,0.7371140564989216,23,7,2023,6
322.89,322.65999999999997,326.24,322.53999999999996,3991839,0.12927971579240394,24,7,2023,0
54.14,59.55,63.05,52.33,1404766,0.03325518370855063,25,7,2023,1
95.66,99.33,100.35,92.92999999999999,2403554,-0.430799235390638,26,7,2023,2
348.58,347.5,351.84999999999997,343.3,3498147,0.0344188553870588,27,7,2023,3
52.28,47.75,56.370000000000005,47.11,4120120,0.6963629965598943,28,7,2023,4
122.36,132.3,132.55,118.36,3046862,0.3703490265555611,29,7,2023,5
296.93,295.45,301.49,291.13,2776517,-0.41991194364402684,30,7,2023,6
361.35,360.38,361.5,359.63,4407086,-0.5970721578929341,31,7,2023,0
343.38,336.65,345.15999999999997,332.39,727220,-0.46958292600634177,1,8,2023,1
150.92,156.82,156.9,145.95999999999998,543316,-0.660481597214347,2,8,2023,2
370.48,374.35,374.74,366.85,3617741,-0.8087186079525681,3,8,2023,3
156.76,151.17999999999998,161.32,147.26,3556653,-0.16172765111589005,4,8,2023,4
196.43,188.08,198.20000000000002,183.11,575595,-0.7734007912034646,5,8,2023,5
385.92,389.53000000000003,391.65000000000003,382.89000000000004,1565744,-0.6561748845457913,6,8,2023,6
342.33,345.41999999999996,346.49999999999994,340.78999999999996,1988806,0.09464936867897222,7,8,2023,0
432.15,427.62,435.14,423.43,3344424,-0.6708014526008506,8,8,2023,1
345.93,354.95,357.92,342.86,2248091,-0.8722404651381943,9,8,2023,2
305.74,298.76,307.6,295.84999999999997,4061676,-0.3652222999442296,10,8,2023,3
92.15,90.80000000000001,93.82000000000001,89.53000000000002,1860462,-0.559361802756065,11,8,2023,4
215.47,224.34,228.76,211.69,2338673,0.03061037598875349,12,8,2023,5
169.34,167.73,171.26,167.32,1723154,-0.7952658308335814,13,8,2023,6
159.8,162.57000000000002,165.04000000000002,155.18,4158848,0.5035415753659562,14,8,2023,0
487.85,485.8,489.27000000000004,484.17,3580826,0.8124670388702773,15,8,2023,1
226.89,222.36999999999998,230.82,221.73,909178,0.4868703479123888,16,8,2023,2
451.42,461.1,463.09000000000003,449.21000000000004,4877402,0.06565407480278851,17,8,2023,3
334.01,332.2,336.58,331.99,4770817,0.7213356435777702,18,8,2023,4
407.67,415.55,416.82,404.25,2662605,0.389836759563015,19,8,2023,5
276.19,270.79,281.13,266.28000000000003,821037,-0.9788977550996203,20,8,2023,6
309.61,303.87,311.07,299.68,3332244,-0.2118196944509938,21,8,2023,0
271.63,262.25,275.48,261.61,2899250,0.7019037988136001,22,8,2023,1
137.86,140.89000000000001,143.03,137.23000000000002,1121469,-0.30828228404946145,23,8,2023,2
375.1,372.47,376.13,368.40000000000003,2481306,-0.929569652948953,24,8,2023,3
176.35,183.64,187.64,171.73,2992371,0.49235927710454463,25,8,2023,4
60.94,60.4,62.61,58.1,1912336,0.6040765405657371,26,8,2023,5
340.46,349.82,354.15,337.96999999999997,4433848,-0.6788126099133829,27,8,2023,6
129.7,123.40999999999998,134.28,121.81999999999998,563001,0.07468099368636238,28,8,2023,0
473.21,480.58,484.88,468.73999999999995,3280246,-0.6160891220085485,29,8,2023,1
479.27,484.79999999999995,484.97999999999996,476.04999999999995,2251061,0.4384688380882935,30,8,2023,2
461.69,467.11,471.05,460.25,4050511,-0.4568990896450287,31,8,2023,3
216.57,223.47,225.53,215.07999999999998,2922136,-0.36756975487333987,1,9,2023,4
56.96,62.18,66.55,52.5,615693,0.6899417072802028,2,9,2023,5
467.74,470.26,473.45,467.67,2736722,-0.04735529558619134,3,9,2023,6
242.68,235.3,246.85,233.69,339017,0.3395089024364957,4,9,2023,0
484.99,475.64,487.49,472.87,514994,-0.1952538985550647,5,9,2023,1
483.63,492.05,494.73,482.89,1041768,-0.40398628561248917,6,9,2023,2
433.85,436.18,436.90000000000003,433.39000000000004,1940083,0.25095612084932273,7,9,2023,3
182.5,188.43,192.35,178.42,1176941,-0.6902848518423574,8,9,2023,4
223.29,222.92,225.39,218.45,565982,-0.254000328866274,9,9,2023,5
433.01,425.36,435.51,421.24,2638568,-0.5819259252281554,10,9,2023,6
192.61,185.11,196.54000000000002,180.62,373146,0.391589933881491,11,9,2023,0
126.27,129.98,132.97,123.5,1264795,0.8884176766922152,12,9,2023,1
300.56,299.17,301.57,295.11,1489330,0.9910219360317327,13,9,2023,2
471.27,465.28,474.21999999999997,463.35999999999996,2777747,-0.09944637911681853,14,9,2023,3
363.21,363.03999999999996,365.25,359.71,2509381,-0.49493922072711105,15,9,2023,4
306.53,297.80999999999995,308.88,292.86999999999995,4852820,-0.11434125923135174,16,9,2023,5
93.73,95.37,95.51,92.60000000000001,3670599,0.6945388199254476,17,9,2023,6
326.75,322.13,327.8,320.18,3043295,-0.5879886428959202,18,9,2023,0
495.52,501.46999999999997,502.88,493.12,3383616,0.9041913033058475,19,9,2023,1
113.04,109.25,116.60000000000001,108.56,177175,-0.316268462403698,20,9,2023,2
283.25,282.35,283.31,281.94,2785747,0.9716073189006098,21,9,2023,3
444.82,435.05,446.86,430.90000000000003,2178808,0.6772177750679245,22,9,2023,4
383.35,374.8,387.97,369.92,1457453,0.6171410682947807,23,9,2023,5
363.66,361.51000000000005,364.22,359.49000000000007,3111786,-0.36419065245343285,24,9,2023,6
366.12,365.72,368.7,365.28000000000003,195028,-0.9824455761041411,25,9,2023,0
211.77,213.77,217.70000000000002,211.44,1658242,-0.23573418234802435,26,9,2023,1
182.12,177.95000000000002,186.83,173.49,4785754,-0.39638126067461266,27,9,2023,2
414.21,418.10999999999996,421.84,411.89,4419453,-0.9252060191824054,28,9,2023,3
414.55,421.75,425.35,412.95,263834,0.010730513011859344,29,9,2023,4
440.18,445.78000000000003,449.91,437.8,2467555,-0.19393737743452677,30,9,2023,5
460.96,451.75,463.19,450.16,1329787,0.2691129354830495,1,10,2023,6
280.1,279.71000000000004,284.13,277.26000000000005,3112359,0.2423726443881664,2,10,2023,0
275.68,267.78000000000003,275.72,263.48,1425569,-0.7585067282066398,3,10,2023,1
409.23,404.07,413.85,401.11,1516828,0.9539310922532451,4,10,2023,2
342.48,352.21000000000004,354.43000000000006,339.01,2514165,-0.6261371411171062,5,10,2023,3
365.89,358.74,368.65999999999997,356.92,3308823,-0.10945195047059086,6,10,2023,4
408.11,408.09000000000003,409.38,404.40000000000003,3725654,-0.023764913132530152,7,10,2023,5
450.5,452.86,456.57,447.17,385711,0.6261255944282402,8,10,2023,6
202.1,206.15,206.53,201.5,1223389,-0.8015408078107065,9,10,2023,0
219.01,220.2,224.56,216.14999999999998,675919,-0.14271144158293647,10,10,2023,1
92.29,82.49000000000001,96.43,81.21000000000001,3431106,0.25700434047240783,11,10,2023,2
310.23,306.76,311.31,302.74,952746,-0.5696887567518889,12,10,2023,3
66.17,66.52,70.57,64.04,522381,0.25493579753214557,13,10,2023,4
259.52,251.27999999999997,263.45,246.30999999999997,1076433,0.8473296750993053,14,10,2023,5
294.19,291.2,297.35,290.74,4754548,0.9950362623453499,15,10,2023,6
178.94,169.6,180.81,165.7,2771252,-0.9350978464186486,16,10,2023,0
315.87,307.44,317.23,304.07,1620943,-0.528823543510645,17,10,2023,1
63.73,61.669999999999995,64.89,57.83,501067,-0.3793857684166051,18,10,2023,2
66.81,59.46,68.4,57.92,560796,-0.2017477991100678,19,10,2023,3
420.17,421.52000000000004,426.04,417.71000000000004,1104001,-0.5154856848304652,20,10,2023,4
212.09,215.88,216.26999999999998,208.11,412023,-0.593024010889375,21,10,2023,5
107.18,113.19000000000001,117.33000000000001,106.02000000000001,3305599,0.9091076848349999,22,10,2023,6
285.01,279.01,286.75,277.88,4786166,0.8370432055410357,23,10,2023,0
396.5,389.85,399.11,387.09000000000003,3277902,-0.9060149979937651,24,10,2023,1
147.12,139.21,151.09,136.59,855111,-0.3223739567903037,25,10,2023,2
330.3,333.03000000000003,337.45000000000005,328.89,2420715,-0.18970289264318674,26,10,2023,3
88.41,92.53999999999999,94.25999999999999,86.92,2334805,-0.5219709306681133,27,10,2023,4
73.26,63.89000000000001,75.57000000000001,62.50000000000001,4404459,0.257745793976351,28,10,2023,5
289.11,297.83000000000004,299.90000000000003,285.25,1999054,0.2807614932884821,29,10,2023,6
293.29,284.33000000000004,293.36,281.07000000000005,3557550,0.7010084566571941,30,10,2023,0
336.84,337.66999999999996,339.15,332.67999999999995,1650184,0.48173853677043565,31,10,2023,1
376.74,380.92,383.22,371.86,4274482,0.08514665393191123,1,11,2023,2
489.13,496.55,498.61,486.76,3373523,0.3071735400888398,2,11,2023,3
282.34,286.61999999999995,290.22999999999996,282.01,188668,-0.4520224369139638,3,11,2023,4
195.33,201.36,203.28,195.09,2934837,0.1861123799347153,4,11,2023,5
407.83,404.62,410.28,403.14,3719348,-0.021545490500161524,5,11,2023,6
171.87,178.17000000000002,180.32000000000002,167.21,2024914,-0.7333110653672592,6,11,2023,0
247.54,239.14,251.23999999999998,236.51999999999998,4110162,-0.5149114468340585,7,11,2023,1
85.31,93.21000000000001,97.52000000000001,83.95,4847395,-0.41661309855682793,8,11,2023,2
61.41,62.36,65.02,59.41,2870742,0.8486191341051159,9,11,2023,3
483.19,489.54,493.49,480.2,2870374,-0.5392267212282211,10,11,2023,4
426.19,425.24,427.67,421.98,3682299,-0.4215121943606637,11,11,2023,5
363.19,366.06,368.77,362.42,3145915,-0.2612917398211354,12,11,2023,6
234.03,234.56,236.29,229.14000000000001,370914,0.32748547725077404,13,11,2023,0
127.98,132.61,134.68,125.26,4209803,-0.763523215055719,14,11,2023,1
120.4,112.03,124.06,111.35,462455,0.9078904249875521,15,11,2023,2
162.61,153.82000000000002,167.02,149.35000000000002,4574017,0.731142440189529,16,11,2023,3
297.15,292.09,297.76,291.71999999999997,1134586,0.15443214601790034,17,11,2023,4
371.57,364.76,374.74,360.21999999999997,1846688,0.3480757348499135,18,11,2023,5
347.09,354.53,357.44,342.10999999999996,3200581,-0.966679057511568,19,11,2023,6
175.97,170.35,176.56,166.85,2761637,-0.3221104493031026,20,11,2023,0
479.69,489.21,490.27,475.84,3772277,0.591320461322884,21,11,2023,1
382.05,378.79,383.61,377.1,2184504,-0.8450340524152282,22,11,2023,2
299.46,293.09999999999997,300.28999999999996,288.39,4257137,-0.4353723315785596,23,11,2023,3
325.27,331.06,332.28000000000003,322.62,2354736,0.17059365666862258,24,11,2023,4
238.82,241.98999999999998,243.32999999999998,235.16,3121372,-0.4871739446021164,25,11,2023,5
161.48,161.44,163.16,156.82,2488229,0.8679559482890384,26,11,2023,6
210.19,211.3,215.05,205.31,3221881,-0.7378827383914193,27,11,2023,0
391.03,395.40999999999997,398.27,386.85999999999996,4954042,0.5947887158155571,28,11,2023,1
56.48,51.05,61.41,49.529999999999994,2571378,0.015897383812816468,29,11,2023,2
102.23,112.16,114.22999999999999,97.4,3930121,0.500661551639912,30,11,2023,3
70.7,80.2,83.97,67.56,3662944,-0.3785693433771051,1,12,2023,4
68.33,71.34,75.7,63.68,1453324,0.028979204624077548,2,12,2023,5
434.96,428.95,438.34999999999997,425.57,3472455,0.7136706994463526,3,12,2023,6
366.65,370.25,372.31,365.10999999999996,4368173,-0.06624380175379119,4,12,2023,0
263.38,254.82,267.15,252.97,969807,-0.2805602761794608,5,12,2023,1
94.03,84.64,95.05,81.89,4496720,0.07231077250547213,6,12,2023,2
271.23,266.38,272.87,262.43,4170028,0.43472550607273375,7,12,2023,3
263.06,262.31,265.79,260.72,2764496,-0.11287330900299453,8,12,2023,4
127.94,135.31,138.19,125.03999999999999,2972176,0.877753950284546,9,12,2023,5
245.23,249.76999999999998,249.88,243.5,1469277,-0.4101083519153159,10,12,2023,6
229.33,234.18,238.91,225.25,849971,-0.049072787661759154,11,12,2023,0
327.13,325.64,330.61,323.31,2693659,0.5138553186828829,12,12,2023,1
335.79,332.71000000000004,338.27000000000004,332.33000000000004,4266233,0.3782421809915164,13,12,2023,2
70.39,67.81,75.06,66.98,4560276,0.7272821048343123,14,12,2023,3
218.58,228.33,230.53,218.27,4175837,0.9936183613622178,15,12,2023,4
331.64,322.44,336.53999999999996,319.94,1442057,-0.14628334240982088,16,12,2023,5
276.41,283.75,286.31,275.88000000000005,2333706,-0.7776982404333763,17,12,2023,6
435.42,436.99,437.56,434.85,585757,-0.939168238384064,18,12,2023,0
346.41,345.18,350.23,340.47,2154376,0.45375381227954326,19,12,2023,1
123.32,127.83,131.22,118.96,2379176,0.7480273426174313,20,12,2023,2
81.76,81.49000000000001,85.62,79.23,1285111,-0.5585748281111627,21,12,2023,3
339.09,346.56,351.32,334.15999999999997,2492919,-0.6831039256201881,22,12,2023,4
61.93,69.94,73.82,61.93,1600948,-0.875589816948618,23,12,2023,5
313.6,312.03000000000003,316.66,308.96000000000004,4207834,0.6454058434344128,24,12,2023,6
473.1,468.64000000000004,477.39000000000004,465.56000000000006,2508630,-0.3772361202148313,25,12,2023,0
308.96,310.81,314.18,306.66999999999996,1694918,-0.19660621448044702,26,12,2023,1
224.68,232.93,234.97,222.70000000000002,4768170,0.005500383219224636,27,12,2023,2
339.48,333.69,343.91,331.41,2802994,0.6789064684191015,28,12,2023,3
256.21,258.66999999999996,259.78,254.14,2804716,0.30166644312296986,29,12,2023,4
295.53,298.15999999999997,301.72999999999996,291.88,292512,0.2301292597156226,30,12,2023,5
473.66,478.32000000000005,482.7300000000001,472.98,3814379,-0.6486558000881786,31,12,2023,6
223.75,216.38,227.41,215.39,4485724,0.02637978341965952,1,1,2024,0
482.54,486.86,490.35,481.64000000000004,1649420,0.4307620343573104,2,1,2024,1
457.41,465.59000000000003,469.35,456.1,2175915,0.9465217660609835,3,1,2024,2
138.11,131.70000000000002,140.44000000000003,129.07000000000002,3448924,-0.5971873815732955,4,1,2024,3
81.21,75.96,85.58,75.39999999999999,3445647,-0.9809132938655467,5,1,2024,4
95.35,104.78,105.8,91.00999999999999,4000379,-0.8493971328030605,6,1,2024,5
58.2,51.82,58.84,50.33,3904409,-0.24829506963604153,7,1,2024,6
92.5,99.59,101.02000000000001,91.69,3064932,0.6410892954919742,8,1,2024,0
357.35,357.20000000000005,360.01000000000005,353.82000000000005,747341,-0.9857158364635099,9,1,2024,1
82.03,76.97,84.58,76.78,1620982,-0.08653881422831944,10,1,2024,2
193.54,200.95,205.04999999999998,190.44,3429693,-0.34153876931721094,11,1,2024,3
430.19,429.1,432.21,425.61,4098422,-0.8950365798005449,12,1,2024,4
60.47,60.769999999999996,63.19,59.4,1301838,-0.09952742665476544,13,1,2024,5
416.51,413.69,416.58,413.48,2264563,-0.4905025853265623,14,1,2024,6
176.83,178.69000000000003,180.74000000000004,175.01000000000002,4579825,-0.2962303313059871,15,1,2024,0
103.17,96.44,106.41,95.95,3685681,0.41123060956858604,16,1,2024,1
363.53,361.34999999999997,363.60999999999996,360.77,4508285,0.043101967821934206,17,1,2024,2
333.02,342.40999999999997,343.80999999999995,331.75,2484291,-0.7507051420143733,18,1,2024,3
444.86,440.02000000000004,445.90000000000003,438.54,2195588,0.9228290808472781,19,1,2024,4
380.78,383.90999999999997,384.11999999999995,378.13,2755982,0.27182153141947674,20,1,2024,5
411.57,408.07,413.96999999999997,404.68,4304955,0.5317368513250631,21,1,2024,6
176.92,182.39,183.29999999999998,173.95999999999998,3344967,-0.8415736999832584,22,1,2024,0
129.85,122.47,133.57,121.73,3085696,-0.9058832410799622,23,1,2024,1
387.78,397.17999999999995,401.41999999999996,386.91999999999996,537625,-0.9611038992638377,24,1,2024,2
413.08,412.15999999999997,415.81,407.77,3401106,-0.6224119444531111,25,1,2024,3
495.73,490.45000000000005,500.64000000000004,487.66,1472070,-0.17118320456300973,26,1,2024,4
235.68,227.15,237.93,222.8,2530721,0.8716522668056457,27,1,2024,5
217.41,210.81,219.98,208.95,2693726,-0.0858806814684474,28,1,2024,6
399.39,399.78999999999996,404.73999999999995,396.32,4118280,-0.4194897892549412,29,1,2024,0
203.36,200.10000000000002,204.52,197.48000000000002,2642017,0.12387050703932667,30,1,2024,1
468.84,475.41999999999996,480.12999999999994,467.23999999999995,4550252,-0.7761308437304215,31,1,2024,2
436.29,434.91,436.5,432.56,1670057,0.2190117820099664,1,2,2024,3
243.05,238.02,245.28,235.51000000000002,961069,0.13686390866100662,2,2,2024,4
387.89,390.22999999999996,390.58,386.89,956626,0.5839860668114194,3,2,2024,5
389.54,393.68,397.33,387.96000000000004,2261352,0.9733752232340482,4,2,2024,6
96.41,89.75,99.45,85.79,206022,-0.49825305656777896,5,2,2024,0
456.15,449.5,459.67999999999995,444.92,2899131,0.019312901607521304,6,2,2024,1
277.36,268.09000000000003,279.23,266.29,3307796,0.8177308126380072,7,2,2024,2
421.91,426.64000000000004,428.49000000000007,420.38000000000005,570529,0.5703797688456826,8,2,2024,3
194.02,197.3,197.53,193.04000000000002,3083516,-0.02518739379838486,9,2,2024,4
452.99,452.48,454.74,449.09000000000003,261445,0.8907432992295556,10,2,2024,5
225.14,232.01999999999998,236.67,223.51999999999998,3934242,-0.8855266129663812,11,2,2024,6
54.88,60.99,62.89,49.940000000000005,3382831,0.861997239425168,12,2,2024,0
457.42,459.13,463.29,455.79,4518909,-0.8989852152343869,13,2,2024,1
91.08,98.45,102.66,89.11,784029,0.09460948822936865,14,2,2024,2
193.69,187.81,195.56,184.79,610370,0.7808818960021715,15,2,2024,3
477.53,469.77,480.69,465.76,1852374,-0.47455811287739436,16,2,2024,4
477.77,473.15999999999997,478.25,470.80999999999995,4515276,-0.05550300210968295,17,2,2024,5
308.05,299.19,308.57,297.08,4099694,-0.35134224172606676,18,2,2024,6
334.33,334.95,335.19,329.34999999999997,3408505,0.9042878341527028,19,2,2024,0
251.8,260.53000000000003,263.44000000000005,251.75,308944,0.6472911895061817,20,2,2024,1
181.94,172.73,184.07,168.25,2925494,0.4180030226527591,21,2,2024,2
197.9,190.34,200.64000000000001,189.59,1461303,0.1752539732302174,22,2,2024,3
352.63,351.67,355.24,347.74,4301765,0.6411835786482962,23,2,2024,4
388.57,397.25,399.0,385.48,2994100,-0.21546591695290584,24,2,2024,5
406.21,402.53,409.59999999999997,400.82,4766805,-0.10489628978787624,25,2,2024,6
405.33,405.46999999999997,409.26,400.96,1297162,0.46000344216172295,26,2,2024,0
91.04,81.87,91.11,81.81,1146161,-0.2844904734125715,27,2,2024,1
272.49,265.46000000000004,273.53000000000003,264.33000000000004,4788482,-0.8721981159032524,28,2,2024,2
75.9,85.63000000000001,89.2,73.07000000000001,1879685,-0.8513307822278571,29,2,2024,3
297.29,306.59000000000003,308.52000000000004,295.53000000000003,1997501,-0.7692743973885923,1,3,2024,4
248.69,238.79,252.0,235.73999999999998,4854619,0.7393626466873255,2,3,2024,5
449.47,458.51000000000005,460.24000000000007,449.35,773218,-0.05554714848759135,3,3,2024,6
207.91,210.69,212.64,207.32999999999998,3985250,0.42576473868947295,4,3,2024,0
102.68,110.04,110.83000000000001,102.04,703291,-0.21418132879021345,5,3,2024,1
114.35,113.44,115.64,112.49,2761198,-0.482578105168731,6,3,2024,2
392.68,392.99,396.02,390.38,2279431,-0.3056156648755761,7,3,2024,3
328.2,327.97999999999996,330.37,324.21999999999997,4309738,0.5883646906343671,8,3,2024,4
95.51,98.85000000000001,102.72000000000001,90.98,819407,0.2504322500628764,9,3,2024,5
87.85,80.64,92.11,76.46000000000001,2638143,0.8752795599158041,10,3,2024,6
365.44,356.04,368.15,355.06,437913,0.35940955715366796,11,3,2024,0
82.74,78.89999999999999,86.53,76.69,4015770,0.14036326350938788,12,3,2024,1
419.84,423.92999999999995,425.4599999999999,418.84,428821,0.22039201797166896,13,3,2024,2
367.81,361.85,369.88,360.53000000000003,2280707,0.8847428789368292,14,3,2024,3
86.61,90.08,93.64,84.09,1801243,0.5764018597334122,15,3,2024,4
88.18,97.58000000000001,99.51000000000002,87.84,3987008,-0.9519175252671244,16,3,2024,5
493.99,485.87,496.93,484.78000000000003,1912375,0.06827939227139446,17,3,2024,6
218.42,221.86999999999998,222.79999999999998,213.73999999999998,3727447,0.37667682309312966,18,3,2024,0
216.79,215.67,219.79,213.33999999999997,3715652,0.4973969568783101,19,3,2024,1
415.76,423.12,427.43,413.53,168803,-0.5737157613721267,20,3,2024,2
476.26,469.8,480.59999999999997,469.73,907744,0.7343547089027045,21,3,2024,3
493.7,497.55,501.17,492.46,848736,0.9116862943503274,22,3,2024,4
389.02,395.78,399.51,384.69,799539,-0.5265693883102605,23,3,2024,5
219.32,228.20999999999998,230.99999999999997,218.5,345404,0.7652309150344916,24,3,2024,6
87.58,91.24,94.16,85.5,117297,-0.8060424749678092,25,3,2024,0
399.72,399.66,400.39000000000004,399.59000000000003,888443,-0.8885863277695096,26,3,2024,1
301.28,303.64,305.86,298.89,3755074,-0.7415523997945013,27,3,2024,2
240.9,248.28,250.53,240.79,3365962,-0.884517841065928,28,3,2024,3
457.86,459.27000000000004,464.06000000000006,453.76,4862606,0.6900244743115518,29,3,2024,4
100.04,90.65,102.2,86.53,3126394,-0.8818997110834561,30,3,2024,5
271.68,280.3,283.05,267.74,1327146,-0.456671617272689,31,3,2024,6
55.11,58.9,61.57,53.69,2980304,-0.7924873129282872,1,4,2024,0
260.9,264.42999999999995,267.60999999999996,256.71,1433572,-0.4091559273724701,2,4,2024,1
75.34,69.65,79.08,66.94000000000001,4805907,-0.818881064798159,3,4,2024,2
103.47,106.65,107.78,101.6,715863,0.33600650148602806,4,4,2024,3
102.89,100.77,105.53,97.64,4801669,-0.7333463673148497,5,4,2024,4
342.14,345.15999999999997,349.28999999999996,342.08,3865056,0.7036918516777757,6,4,2024,5
385.72,377.85,388.04,377.14000000000004,3425315,0.634382101453282,7,4,2024,6
312.52,315.68,317.07,308.81,928791,-0.9726766290587812,8,4,2024,0
482.98,492.97,496.24,481.76,3920887,0.7914527110302292,9,4,2024,1
218.69,209.65,222.81,206.66,2946274,-0.9421113665132659,10,4,2024,2
178.57,188.10999999999999,188.42999999999998,176.64,4939498,-0.5207084300848868,11,4,2024,3
440.87,439.01,444.75,434.74,4495564,-0.9352217244480099,12,4,2024,4
150.62,158.04,162.15,145.86,476794,-0.328313025921368,13,4,2024,5
483.45,489.09999999999997,491.40999999999997,479.03,3978450,0.027733051426543254,14,4,2024,6
55.47,56.81,61.730000000000004,54.12,3133349,0.5932897380302762,15,4,2024,0
486.45,491.21999999999997,495.15,485.47999999999996,1621466,-0.32403689906032773,16,4,2024,1
69.42,76.99000000000001,80.86000000000001,67.05,2580252,0.41098004934623344,17,4,2024,2
451.01,449.09,454.75,449.04999999999995,882877,-0.6249910857620393,18,4,2024,3
287.47,284.01000000000005,288.22,283.88000000000005,3985180,0.5011969134882528,19,4,2024,4
496.83,500.18,501.27,494.06,3710793,-0.5280067881815249,20,4,2024,5
83.21,89.36999999999999,91.68999999999998,80.61,3399973,-0.7129104881124642,21,4,2024,6
299.23,304.48,305.8,294.26,3180977,-0.6291822992518914,22,4,2024,0
486.19,492.15,494.22999999999996,485.18,2399899,-0.6358737422362892,23,4,2024,1
285.39,284.09999999999997,289.83,282.80999999999995,2072424,0.02572575875398231,24,4,2024,2
333.23,339.59000000000003,343.71000000000004,332.66,1436092,0.6895951623762921,25,4,2024,3
363.09,355.48999999999995,366.23999999999995,350.9,950350,-0.8407898460149887,26,4,2024,4
254.54,255.42999999999998,259.71999999999997,250.65,3579027,0.41391263698684533,27,4,2024,5
332.4,322.52,336.32,318.40999999999997,3305228,0.3086929193057153,28,4,2024,6
312.94,309.43,315.08,304.92,267647,0.7450399036587247,29,4,2024,0
455.52,452.84999999999997,456.53,450.22999999999996,2433679,-0.5117048789861856,30,4,2024,1
70.45,68.37,73.02,66.11,535477,-0.09978028262994076,1,5,2024,2
176.43,180.34,184.02,174.78,1783523,0.8516547488870347,2,5,2024,3
477.69,475.46,479.87,472.51,4296656,0.31998690027063437,3,5,2024,4
450.62,449.59000000000003,453.95,447.32000000000005,4427308,-0.22246317427680617,4,5,2024,5
255.05,249.8,255.52,247.54000000000002,3060033,-0.7371752342894631,5,5,2024,6
329.06,326.53000000000003,332.8,321.85,1681420,-0.4750299841988179,6,5,2024,0
174.82,169.37,178.88,164.45000000000002,886261,0.16243095497876658,7,5,2024,1
134.65,126.11000000000001,138.18,122.13000000000001,3594708,0.43633589512102744,8,5,2024,2
258.66,260.73,265.57,254.88000000000002,2928630,-0.751156226296213,9,5,2024,3
209.01,212.37,216.5,205.60999999999999,4344402,0.199194520088108,10,5,2024,4
312.65,315.03999999999996,319.55999999999995,311.82,3179042,0.10070255767750202,11,5,2024,5
84.98,84.25,89.65,83.95,2862081,0.027910893381416058,12,5,2024,6
488.48,486.08000000000004,492.49,482.63000000000005,226060,0.3802462353640159,13,5,2024,0
493.79,501.06,504.43,490.15000000000003,4424848,0.6748991901669237,14,5,2024,1
364.17,364.55,364.58,363.94,2896461,-0.35402063364626324,15,5,2024,2
291.24,290.82,293.57,286.18,3177099,0.7780243802219189,16,5,2024,3
189.29,179.79999999999998,192.15,179.33999999999997,2944180,-0.6787327747628986,17,5,2024,4
416.21,413.03,417.72999999999996,411.59999999999997,2721578,-0.6539522604976713,18,5,2024,5
358.13,355.73,359.71999999999997,352.37,4687878,-0.46645587275215217,19,5,2024,6
123.18,121.16000000000001,127.99000000000001,120.31000000000002,1772795,-0.7609382609058444,20,5,2024,0
459.92,461.52000000000004,465.98,459.64000000000004,4193886,-0.5393615506342448,21,5,2024,1
420.14,420.81,425.06,418.47999999999996,2354103,-0.7871764741943108,22,5,2024,2
477.41,479.57000000000005,481.6,473.58000000000004,3039362,0.6435048339707807,23,5,2024,3
376.57,381.87,381.94,374.5,662060,-0.7220620162267508,24,5,2024,4
326.04,332.3,332.7,322.78000000000003,1606145,0.49459511511971366,25,5,2024,5
238.21,242.57000000000002,244.13000000000002,235.31,2748202,-0.9041722641733325,26,5,2024,6
469.73,478.84000000000003,478.92,469.62,1292931,0.8970406550278303,27,5,2024,0
439.73,430.09000000000003,439.82,425.15000000000003,4989084,0.4223201750555323,28,5,2024,1
70.35,64.27,74.92999999999999,64.06,971522,-0.9864069028277764,29,5,2024,2
61.87,52.019999999999996,65.39999999999999,47.17999999999999,1642247,0.527713000400428,30,5,2024,3
219.41,222.35999999999999,223.89999999999998,216.66,4472216,0.028163841532370615,31,5,2024,4
414.75,422.71,423.37,409.93,2281906,0.5587303406702395,1,6,2024,5
494.27,489.14,496.83,488.57,702276,0.04499361778117694,2,6,2024,6
117.69,126.22999999999999,126.25999999999999,115.24,1600134,0.2820497152707093,3,6,2024,0
317.36,308.57,322.05,307.71999999999997,2704884,0.5726633107900809,4,6,2024,1
221.4,230.09,232.16,221.15,1805243,-0.1897838908242866,5,6,2024,2
486.46,483.48999999999995,488.46999999999997,480.4,4374692,-0.9945837003590958,6,6,2024,3
428.95,420.97999999999996,430.9,419.93999999999994,4122928,0.6998929918903769,7,6,2024,4
427.25,426.97,427.6,424.03000000000003,339779,-0.23821927475067484,8,6,2024,5
260.91,256.05,264.1,255.49,3075605,-0.007914547966833885,9,6,2024,6
236.67,232.36999999999998,240.33999999999997,230.70999999999998,4988639,-0.9844667156920626,10,6,2024,0
173.03,169.18,176.41,165.27,888140,-0.01581597929980405,11,6,2024,1
75.37,81.43,82.12,73.18,3658539,0.9729748031434591,12,6,2024,2
439.13,439.90999999999997,442.79999999999995,435.99,3846037,-0.44346467836246073,13,6,2024,3
415.81,412.04,418.66,408.8,2223238,-0.20916345951524384,14,6,2024,4
499.87,502.08,506.41999999999996,495.65,4826276,0.37437999293735325,15,6,2024,5
498.49,502.81,504.71,496.87,4688727,0.6295873350473173,16,6,2024,6
299.94,295.39,301.8,291.95,1718963,-0.1652167519877994,17,6,2024,0
396.04,394.31,399.13,389.5,690381,-0.3806622591974149,18,6,2024,1
475.14,467.58,478.31,463.93,3032235,0.8756515999701342,19,6,2024,2
432.34,425.96,434.69,423.51,3783909,0.35428993334333847,20,6,2024,3
161.31,164.93,167.15,158.16,1639600,-0.7619573910137178,21,6,2024,4
252.74,246.37,255.21,242.67000000000002,2327503,-0.8621442437307028,22,6,2024,5
108.12,108.62,112.93,105.06,4332939,-0.0329002984192619,23,6,2024,6
479.32,483.5,485.81,479.24,3170771,-0.5598198679054551,24,6,2024,0
322.78,314.91999999999996,327.47999999999996,313.94999999999993,1243647,-0.49203049324749304,25,6,2024,1
152.89,154.23999999999998,156.76,148.83999999999997,3711646,0.7553843576556964,26,6,2024,2
352.27,347.4,357.02,346.03999999999996,1516953,-0.8208679513673787,27,6,2024,3
328.16,337.42,341.58000000000004,324.5,2794245,0.4307282304577793,28,6,2024,4
211.17,210.83999999999997,212.98,208.97999999999996,4222186,-0.4577154932388239,29,6,2024,5
101.1,107.22,111.53999999999999,98.49,521280,0.5206564428082754,30,6,2024,6
352.21,353.21,353.76,351.87,1009245,0.44482276892708916,1,7,2024,0
284.14,275.01,288.77,274.09999999999997,441207,-0.985216197111414,2,7,2024,1
397.54,400.20000000000005,403.36000000000007,392.75,1330746,0.01827082584319828,3,7,2024,2
284.07,293.09999999999997,293.36999999999995,279.62,3389791,-0.7213610352439073,4,7,2024,3
433.48,435.51,438.73,430.22,692632,0.7324540611573536,5,7,2024,4
298.36,304.74,309.61,296.06,4137106,0.7431717657248131,6,7,2024,5
302.42,310.1,310.45000000000005,299.04,4855185,-0.1633083850124839,7,7,2024,6
444.49,439.05,447.26,435.96000000000004,4854896,-0.11120876309783889,8,7,2024,0
231.57,225.81,235.31,222.97,1572178,-0.3934341211909458,9,7,2024,1
110.31,112.53,116.58,110.01,1262189,0.43321259792006206,10,7,2024,2
62.95,61.17,65.02,58.010000000000005,3970426,-0.28267727394708175,11,7,2024,3
389.81,396.61,397.63,385.97,514299,-0.46441505095473246,12,7,2024,4
329.14,337.14,337.34999999999997,324.16999999999996,2481486,-0.13553788099098352,13,7,2024,5
366.84,363.90999999999997,369.73999999999995,363.84999999999997,3776158,-0.8170249632250826,14,7,2024,6
145.83,140.57000000000002,148.09,136.92000000000002,4261900,0.49320640928840764,15,7,2024,0
111.37,116.98,121.72,108.51,225438,-0.9748071974564261,16,7,2024,1
56.55,52.05,56.849999999999994,49.879999999999995,3870183,0.28897012304118785,17,7,2024,2
207.76,214.20999999999998,217.64,207.12,2017043,-0.6342709464902552,18,7,2024,3
315.46,313.93,315.58,311.88,2299391,-0.5351919075711737,19,7,2024,4
226.51,229.85999999999999,230.72,224.73999999999998,735719,0.2712639972800799,20,7,2024,5
246.86,238.77,249.13000000000002,237.26000000000002,2901445,0.9858869315658143,21,7,2024,6
456.87,459.35,461.62,453.22,908258,0.5554349781451013,22,7,2024,0
206.71,205.75,210.14000000000001,202.25,4624474,-0.548320735553216,23,7,2024,1
281.3,283.03000000000003,287.58000000000004,278.35,2964140,-0.6479504899177324,24,7,2024,2
402.64,396.0,405.84,391.31,3664462,0.7324657405353407,25,7,2024,3
228.44,233.18,237.95000000000002,226.69,281948,-0.11163210415699143,26,7,2024,4
329.94,337.2,341.61,328.71999999999997,2682814,-0.7258943943436891,27,7,2024,5
438.06,432.39,440.98,429.11,3869457,0.7244228466438762,28,7,2024,6
477.28,469.19,481.45,468.2,1306751,0.6321847058285228,29,7,2024,0
116.18,106.65,119.39,105.07000000000001,1053692,0.9678127277943271,30,7,2024,1
466.96,469.79999999999995,470.18999999999994,465.84,317770,0.8194873734253678,31,7,2024,2
271.45,273.59,277.28999999999996,271.09999999999997,4199906,0.7035806773210833,1,8,2024,3
166.21,167.14000000000001,167.61,162.07000000000002,4936917,-0.8948512043779937,2,8,2024,4
256.61,251.25,259.58000000000004,249.98,2537245,-0.791169261003764,3,8,2024,5
491.01,488.83,494.52,486.46,2802882,0.13796638860824562,4,8,2024,6
271.68,273.57,273.9,271.46,1890008,0.06295849256364172,5,8,2024,0
197.94,197.88,199.09,194.38,1926525,-0.08407357102092905,6,8,2024,1
335.03,344.78999999999996,349.36999999999995,333.38,4613070,-0.20642134917083155,7,8,2024,2
158.07,150.79999999999998,161.15,147.07999999999998,1438530,-0.13757903027134222,8,8,2024,3
84.14,88.04,89.27000000000001,82.08,4566951,0.13859586826959047,9,8,2024,4
108.0,106.09,111.45,105.11,2281913,-0.9958469647998376,10,8,2024,5
107.62,106.18,110.60000000000001,103.61000000000001,1578768,-0.4785824517342956,11,8,2024,6
118.36,122.71,125.22,117.71,1665213,0.036559441377422175,12,8,2024,0
112.47,116.32,121.19999999999999,110.27,2863398,0.44443219734729245,13,8,2024,1
338.39,348.21999999999997,351.64,336.8,788152,-0.6516866152092073,14,8,2024,2
131.85,124.41999999999999,133.73,119.85999999999999,502980,0.0937623475748659,15,8,2024,3
205.55,197.63000000000002,209.55,197.33,1138336,0.4289193677715635,16,8,2024,4
453.55,458.04,462.46000000000004,450.08,2978350,-0.11074468417219063,17,8,2024,5
263.28,264.84999999999997,265.47999999999996,262.36999999999995,1268932,-0.9458377326598979,18,8,2024,6
350.4,345.88,351.4,344.28,1549087,-0.10146368306872655,19,8,2024,0
127.54,119.13000000000001,128.62,117.05000000000001,2631528,-0.40711022451169376,20,8,2024,1
136.53,128.24,139.99,123.7,2208542,0.8592992154026566,21,8,2024,2
68.39,76.27,79.28999999999999,67.18,1037635,-0.7507732286433453,22,8,2024,3
126.02,119.86,129.10999999999999,119.4,3602626,0.3049519110144643,23,8,2024,4
175.37,171.84,180.07,170.25,1486689,-0.8945604673309977,24,8,2024,5
129.65,124.18,133.53,123.66000000000001,3916126,-0.10765912437460701,25,8,2024,6
89.92,87.02,90.56,86.38,3166983,0.10795897444016123,26,8,2024,0
104.29,95.68,106.03,92.81,2946230,-0.4040901373662691,27,8,2024,1
257.35,257.73,259.91,257.05,2218433,-0.08984872895923113,28,8,2024,2
142.85,134.2,144.82999999999998,134.04999999999998,4556397,-0.6728924109396253,29,8,2024,3
213.92,219.92999999999998,223.27999999999997,210.35,3778621,-0.39175230106392767,30,8,2024,4
276.54,271.21000000000004,281.0,269.40000000000003,4656766,0.24221264982040602,31,8,2024,5
360.68,361.48,363.01,360.05,1397991,-0.3963998882776898,1,9,2024,6
67.69,75.28999999999999,78.05,66.42,3831404,0.7994861568177434,2,9,2024,0
409.73,412.75,416.7,406.52000000000004,1914188,0.2568139152819795,3,9,2024,1
332.56,333.22,335.3,331.18,2207359,-0.12270196312803106,4,9,2024,2
86.79,83.28,87.63000000000001,80.81,318401,-0.9224861288916351,5,9,2024,3
443.11,439.77000000000004,445.48,439.16,1085132,-0.0009033295906575312,6,9,2024,4
464.39,467.78,468.05999999999995,461.45,259292,0.5295524842501784,7,9,2024,5
77.49,87.36999999999999,92.07999999999998,75.91,4791066,-0.46888480397517274,8,9,2024,6
174.59,177.83,178.20000000000002,171.46,3267759,0.6135471392975347,9,9,2024,0
412.79,413.95000000000005,416.14000000000004,408.75,563937,-0.49638646789823704,10,9,2024,1
386.72,391.33000000000004,393.98,383.66,3064391,0.6474927759016009,11,9,2024,2
133.03,132.33,137.96,130.85000000000002,2781206,-0.8294633167766452,12,9,2024,3
144.21,135.41,145.04000000000002,134.13,1292097,0.732367417738059,13,9,2024,4
216.71,217.96,218.53,215.07000000000002,287771,-0.0016270981333390555,14,9,2024,5
268.04,277.19,277.23,267.22,337199,-0.406924820759476,15,9,2024,6
328.21,321.71999999999997,328.98999999999995,320.80999999999995,2957281,-0.46977349916970246,16,9,2024,0
216.01,219.81,220.85,212.06,2832481,-0.13597888213927467,17,9,2024,1
258.14,252.16,261.28999999999996,250.24,4934777,0.9980989962072899,18,9,2024,2
386.36,387.08000000000004,388.18000000000006,384.18,2374316,-0.5593452131248349,19,9,2024,3
66.51,58.440000000000005,66.61,55.470000000000006,3702615,-0.7935667022420008,20,9,2024,4
163.6,162.60999999999999,167.73,159.66,1683214,0.1700703374373238,21,9,2024,5
371.01,376.13,377.96,370.67,851518,-0.022915067119485766,22,9,2024,6
452.84,449.78999999999996,454.60999999999996,445.62999999999994,613313,0.0483925421266147,23,9,2024,0
280.25,283.55,285.06,279.36,4031586,0.33387083511443416,24,9,2024,1
289.45,295.36,300.24,285.83,3314215,-0.46571186025870137,25,9,2024,2
98.23,106.77000000000001,107.62,94.37,3560989,0.8213299907677769,26,9,2024,3
251.34,246.03,255.83,242.46,2432214,-0.12865586775541926,27,9,2024,4
289.68,287.67,293.56,284.78000000000003,2430229,-0.7418276097150764,28,9,2024,5
159.11,152.16000000000003,159.49,152.09000000000003,1963462,0.4845975134678886,29,9,2024,6
171.16,181.01,185.94,169.35999999999999,754224,0.2862087052357005,30,9,2024,0
219.78,228.32,229.68,216.76,2350397,-0.3685131950319258,1,10,2024,1
59.03,59.83,60.32,57.09,2099284,0.24303744806809702,2,10,2024,2
194.94,201.78,205.93,190.62,2101676,-0.5602760872620463,3,10,2024,3
145.15,145.57,149.1,143.61,1784532,-0.11032128131894092,4,10,2024,4
197.37,199.84,202.93,195.9,554418,0.7988250443346505,5,10,2024,5
103.89,95.67,104.67,94.34,1572542,-0.7329315336785012,6,10,2024,6
450.74,455.85,458.24,449.08,4573014,-0.226607100025076,7,10,2024,0
317.12,309.67,321.02,306.88,4956854,0.6422848494406945,8,10,2024,1
355.6,362.12,363.64,352.06,662621,0.9389817988123563,9,10,2024,2
405.13,410.77,412.33,401.82,3629801,-0.09214772715640818,10,10,2024,3
274.3,278.47,278.49,270.26,4908163,0.013999240286694858,11,10,2024,4
89.11,79.83,89.98,75.4,1698099,0.14434392356753944,12,10,2024,5
291.7,287.76,296.08,283.68,4294463,0.8646962832674217,13,10,2024,6
314.08,309.34,316.28999999999996,309.25,3913233,0.7164135819540596,14,10,2024,0
385.45,382.65,390.37,378.96999999999997,1311569,-0.6587977507567113,15,10,2024,1
244.25,236.0,246.23,234.96,4661307,-0.12648436430584997,16,10,2024,2
107.41,116.14999999999999,119.72999999999999,106.75,1295885,-0.07199914360714743,17,10,2024,3
177.7,178.78,180.19,174.51,1256083,0.5781922232975134,18,10,2024,4
213.39,209.5,215.20999999999998,207.9,2074324,0.20578576521087055,19,10,2024,5
340.66,338.6,341.61,338.31,3998190,0.3084409240580259,20,10,2024,6
306.85,305.79,308.59000000000003,305.1,3488445,0.9963998153312352,21,10,2024,0
210.24,212.25,214.99,210.24,2842974,-0.8500799130599739,22,10,2024,1
493.93,494.24,499.2,489.41,3592099,-0.553980352932534,23,10,2024,2
322.6,330.99,334.31,322.48,1379180,-0.18420812525690633,24,10,2024,3
156.75,156.69,157.75,155.64,3433178,-0.3044351939022256,25,10,2024,4
95.8,105.64,105.86,93.72,4631211,-0.9567088773060328,26,10,2024,5
118.79,125.82000000000001,126.45,117.01,2684182,-0.8164447870576483,27,10,2024,6
160.68,154.85,163.49,150.29,1908286,0.3619065828071524,28,10,2024,0
122.31,130.92000000000002,134.75000000000003,122.11,4699757,0.7586489267251213,29,10,2024,1
133.96,126.29,138.66,123.73,4965313,0.02845402253195517,30,10,2024,2
178.29,184.64,184.72,174.89,4463089,0.07838215902726597,31,10,2024,3
128.02,125.63000000000001,130.63000000000002,120.97000000000001,2897921,-0.4898131343352412,1,11,2024,4
453.54,461.1,463.45000000000005,450.44,4474142,0.5357527272674227,2,11,2024,5
86.11,93.47,96.75,82.09,369160,0.5035891747345127,3,11,2024,6
286.03,292.15,294.95,285.60999999999996,2669931,0.17673137843531328,4,11,2024,0
234.68,240.48000000000002,243.92000000000002,232.75,541904,-0.5746714269773143,5,11,2024,1
492.07,488.15999999999997,495.36,486.28999999999996,678526,-0.8059635635258211,6,11,2024,2
100.42,92.04,101.01,87.61000000000001,937393,-0.8715228482857482,7,11,2024,3
229.04,227.1,233.04,226.34,3445503,0.18539213328575554,8,11,2024,4
486.26,479.73,486.88,478.97,914422,0.6500706382856001,9,11,2024,5
439.48,443.38,446.87,437.84000000000003,834983,0.7166608635618497,10,11,2024,6
417.68,414.6,419.76,414.33000000000004,2363429,-0.07275585131310036,11,11,2024,0
166.06,175.57,178.14,165.15,3235812,0.5685425986134338,12,11,2024,1
126.9,129.72,134.24,122.07000000000001,4375115,0.8937603926820472,13,11,2024,2
350.89,357.34,361.78999999999996,348.75,2976280,-0.449659775023864,14,11,2024,3
468.22,460.87,472.31,457.71,3038687,-0.20407930723848566,15,11,2024,4
300.54,307.78000000000003,310.33000000000004,296.91,1516842,0.8629579851933613,16,11,2024,5
307.23,315.69,319.37,305.40000000000003,2431256,-0.3235380653654303,17,11,2024,6
175.99,175.73000000000002,178.55,174.99,3789024,0.8277525806435926,18,11,2024,0
396.27,398.4,402.75,395.24,4496650,0.9620897245089315,19,11,2024,1
134.17,139.47,141.48,132.6,3802418,0.3236214571488494,20,11,2024,2
195.66,189.16,200.51,185.98,2381608,0.6337805790083366,21,11,2024,3
241.45,241.5,246.16,239.45999999999998,4030010,0.4990911284421704,22,11,2024,4
278.42,276.39000000000004,282.13,276.36000000000007,3741771,0.3990685152310476,23,11,2024,5
159.08,152.01000000000002,160.48000000000002,149.39000000000001,4179441,-0.38613785403753487,24,11,2024,6
101.68,99.03,102.34,94.42,1060652,-0.8858113241841126,25,11,2024,0
324.78,316.14,329.04999999999995,312.08,2288370,-0.3138965349606988,26,11,2024,1
179.88,170.4,180.71,166.27,1648485,0.33387197040781325,27,11,2024,2
311.56,304.26,315.83,300.28,1667343,-0.7949416035443972,28,11,2024,3
119.46,128.72,131.17,117.83999999999999,3425495,-0.9761640340435158,29,11,2024,4
266.51,267.5,269.53,262.68,3485744,-0.7206152547941227,30,11,2024,5
289.67,298.99,303.51,288.95,855612,0.4314718528215906,1,12,2024,6
73.32,71.97,76.33999999999999,68.67999999999999,4094528,0.9455874033128879,2,12,2024,0
201.47,197.71,204.35,194.5,2176475,0.9661293992296409,3,12,2024,1
110.49,110.61,113.4,110.36,2241912,-0.012041701719624154,4,12,2024,2
78.52,77.31,80.38,73.37,3244311,0.7387046019846948,5,12,2024,3
495.48,487.59000000000003,499.41,483.07000000000005,385622,0.47365291150300814,6,12,2024,4
195.06,197.88,199.14,193.72,2062889,0.002080473969206853,7,12,2024,5
414.44,408.76,419.13,404.7,2006862,0.14552106591017355,8,12,2024,6
164.59,166.98,171.45,164.18,4126390,-0.7255457067662578,9,12,2024,0
356.68,359.68,361.37,353.68,1496436,0.8753229212331841,10,12,2024,1
392.1,385.14000000000004,395.75,382.71000000000004,767540,-0.29614045853644644,11,12,2024,2
318.04,309.27000000000004,320.91,306.54,2295690,-0.10770148708566096,12,12,2024,3
262.21,267.83,269.52,257.58,1688236,0.34332046199579747,13,12,2024,4
235.33,234.53,240.27,230.17,4805815,-0.3321950569468921,14,12,2024,5
206.99,198.15,207.12,194.22,3082410,-0.49148167802213893,15,12,2024,6
468.29,478.19,479.45,466.92,1504355,0.26209878654044116,16,12,2024,0
423.78,414.94,426.38,410.38,2775480,-0.9500318354363011,17,12,2024,1
484.26,488.15999999999997,490.77,483.77,3524083,0.44145022405335776,18,12,2024,2
105.93,115.60000000000001,118.54,101.66000000000001,2564722,0.028046739753019523,19,12,2024,3
378.89,373.66999999999996,382.65,372.03,3001092,0.2115074610418688,20,12,2024,4
472.25,465.09,475.37,464.82,2350229,0.26376031849377024,21,12,2024,5
131.55,123.98000000000002,134.55,120.63000000000002,1622534,0.05410031298512741,22,12,2024,6
79.92,75.99,80.19,74.83,1822907,0.16506755488147196,23,12,2024,0
383.5,375.52,385.38,374.29999999999995,2615967,0.36757640177974915,24,12,2024,1
308.51,312.34999999999997,313.51,306.98,4775112,0.5062376943593483,25,12,2024,2
428.82,420.07,430.15,419.75,2970574,0.454904782572241,26,12,2024,3
112.9,113.09,115.86,112.01,2988939,0.7392329154645234,27,12,2024,4
407.87,417.8,418.8,407.84000000000003,4086280,-0.6211131336651945,28,12,2024,5
140.73,147.01,148.48,138.5,2144940,-0.19770406101640492,29,12,2024,6
123.65,125.95,127.14,123.23,2199409,0.8955921320289142,30,12,2024,0
123.92,120.05,128.66,116.64,3272382,-0.20681885122734056,31,12,2024,1
416.56,419.04,423.76000000000005,415.38,3981857,-0.7502598461881547,1,1,2025,2
349.34,349.88,352.93,344.61999999999995,4637871,0.0508902527243591,2,1,2025,3
285.38,283.9,290.0,279.53999999999996,391464,-0.7810180548910757,3,1,2025,4
211.47,204.08,215.4,202.63000000000002,4839400,-0.5942935225442696,4,1,2025,5
444.74,452.47,455.42,440.82,2773829,0.9966375131419134,5,1,2025,6
226.6,225.6,226.63,221.57999999999998,218581,0.08272527679226394,6,1,2025,0
417.47,411.36,421.33000000000004,406.43,3952256,-0.43188322191914197,7,1,2025,1
247.61,244.97000000000003,251.12,241.98000000000002,438540,0.9895499091478122,8,1,2025,2
219.62,217.9,222.70000000000002,217.49,601590,0.9331178371102864,9,1,2025,3
258.21,264.76,268.56,254.98,1518412,-0.11852191783147292,10,1,2025,4
185.62,190.29,192.85,182.5,3460492,-0.4791937824241832,11,1,2025,5
386.42,391.81,395.33,383.23,1730369,0.67679927618438,12,1,2025,6
276.22,266.44000000000005,280.90000000000003,264.90000000000003,972328,0.4312414339435715,13,1,2025,0
154.5,152.82,156.38,148.51999999999998,4909479,0.3738828700070207,14,1,2025,1
454.81,454.44,458.35,449.64,3210691,0.7862274826449451,15,1,2025,2
222.75,213.13,225.13,212.04,1458097,0.3788342677426493,16,1,2025,3
294.6,289.8,297.97,289.36,3400354,-0.4324041139169017,17,1,2025,4
457.91,463.12,466.93,456.94,1394315,0.38772632375146454,18,1,2025,5
330.91,323.65000000000003,331.14000000000004,319.55,2675508,-0.3883729774326721,19,1,2025,6
102.6,103.30999999999999,106.53999999999999,99.22,2476219,0.5184779593139901,20,1,2025,0
472.92,467.22,474.05,464.04,1458311,0.239495708983132,21,1,2025,1
332.47,322.71000000000004,335.82000000000005,320.70000000000005,4610784,-0.8451768960304988,22,1,2025,2
200.71,195.53,203.05,192.64000000000001,1389467,0.0256707248702841,23,1,2025,3
112.67,122.19,126.06,111.13,264074,-0.31339806160851813,24,1,2025,4
407.31,413.34,413.96,404.92,2670466,-0.3428587345354115,25,1,2025,5
329.03,338.21999999999997,341.34999999999997,325.05999999999995,3755180,0.2045126047545145,26,1,2025,6
290.06,289.82,291.45,284.90999999999997,4583120,-0.3553503510611502,27,1,2025,0
452.25,444.44,456.51,439.78,890645,0.5537874964097453,28,1,2025,1
404.87,405.83,410.46999999999997,400.2,3387093,-0.8584171279776511,29,1,2025,2
118.25,117.34,123.23,115.33,1117481,0.3207765047916509,30,1,2025,3
190.27,197.16,201.14,187.93,3694804,0.6183896073134825,31,1,2025,4
161.82,153.78,165.59,150.25,162507,0.34566337984086015,1,2,2025,5
384.78,384.53999999999996,385.85999999999996,379.92999999999995,1205710,-0.00554160996000852,2,2,2025,6
65.09,58.09,66.77000000000001,57.38,2438377,0.9006140274723624,3,2,2025,0
306.45,302.94,308.78,301.42,4487373,-0.4001230204038728,4,2,2025,1
393.11,397.86,401.73,392.41,906564,-0.9616642249500444,5,2,2025,2
444.54,444.06,449.11,441.0,4018949,-0.1360212570731183,6,2,2025,3
203.94,201.46,204.89,199.93,1709473,-0.9339761281993455,7,2,2025,4
419.57,417.46,424.18,415.83,1811952,0.9078735050528175,8,2,2025,5
99.78,98.97,103.26,98.62,837954,-0.580163908503897,9,2,2025,6
430.9,436.59999999999997,439.65,429.15,3008056,0.577854047897759,10,2,2025,0
107.37,115.21000000000001,116.21000000000001,103.06,807173,0.5491441663487298,11,2,2025,1
228.78,237.89,238.17,227.61,4610579,-0.564542200634133,12,2,2025,2
408.78,414.52,417.35999999999996,405.29999999999995,779447,0.2424530609603346,13,2,2025,3
117.46,113.77,120.72,110.61999999999999,1161404,-0.9038420630270996,14,2,2025,4
153.16,156.92,157.97,148.84,3080248,-0.03285082859226507,15,2,2025,5
375.01,373.76,377.78999999999996,373.09999999999997,2713987,-0.9707057454550265,16,2,2025,6
374.02,369.10999999999996,378.29999999999995,364.21999999999997,2853913,0.8422877603616836,17,2,2025,0
338.52,345.34,349.52,335.60999999999996,2635232,0.9521720483991434,18,2,2025,1
362.28,353.04999999999995,366.91999999999996,348.06999999999994,2478907,-0.5554344667228295,19,2,2025,2
294.23,302.27000000000004,304.1,289.67,4632688,-0.5837879308072544,20,2,2025,3
163.31,162.54,164.9,161.42999999999998,2929915,0.5074403531242593,21,2,2025,4
205.56,208.3,212.05,205.28,2463162,-0.49324120234133106,22,2,2025,5
131.72,134.91,137.07,130.44,4981909,0.7901531183236901,23,2,2025,6
458.8,466.7,467.14,456.16,1015113,0.14785827224596448,24,2,2025,0
312.53,315.26,316.67,311.66999999999996,2792794,-0.29844475397937575,25,2,2025,1
230.38,232.66,234.75,229.54,2311549,0.6653874926988401,26,2,2025,2
257.9,249.23,259.35999999999996,246.92,2445704,-0.013186599173209634,27,2,2025,3
476.28,476.65,478.31,476.10999999999996,4681025,0.8232658274169511,28,2,2025,4
119.01,112.01,120.48,111.4,523332,0.856028473458762,1,3,2025,5
313.8,318.55,318.76,311.72,392575,-0.6691596957431813,2,3,2025,6
277.65,277.89,281.08,277.33,1559700,-0.9953531877361395,3,3,2025,0
325.15,328.75,331.74,323.16999999999996,129336,0.9678618802848045,4,3,2025,1
58.15,48.98,61.42,46.61,3301078,0.8122750722549588,5,3,2025,2
442.46,434.15999999999997,443.41999999999996,431.9,1742425,-0.8891095285923172,6,3,2025,3
469.45,473.78,475.26,465.09999999999997,2707622,0.6660685278821399,7,3,2025,4
304.31,295.75,307.41,293.1,1986963,-0.08439013488158675,8,3,2025,5
363.49,354.92,366.49,352.58000000000004,2872605,-0.48207678995004954,9,3,2025,6
465.12,455.36,467.65,453.31,1547947,0.7574930473538597,10,3,2025,0
368.26,377.39,379.14,364.17,4276426,-0.6066655352193855,11,3,2025,1
118.64,123.39,127.95,114.16,3956756,0.8945999988401339,12,3,2025,2
309.33,306.4,311.03,302.13,1598339,-0.5887570246013178,13,3,2025,3
323.02,318.95,325.29999999999995,315.58,776296,0.22736637545748706,14,3,2025,4
240.86,237.85000000000002,244.25,237.16000000000003,479039,-0.5538273309420503,15,3,2025,5
381.4,386.89,389.61,380.02,628714,0.0913373299372695,16,3,2025,6
470.47,473.70000000000005,475.43000000000006,470.24,3011190,0.3679502598302826,17,3,2025,0
466.51,460.21,468.69,455.56,4735352,-0.6195441383597249,18,3,2025,1
252.88,246.35999999999999,256.85,243.05999999999997,652439,0.0417715654013584,19,3,2025,2
100.96,92.92999999999999,102.35,89.19999999999999,4242535,-0.06188051121976201,20,3,2025,3
493.18,496.39,497.09999999999997,491.62,373452,-0.8579251571933175,21,3,2025,4
427.5,432.79,434.36,423.27,878883,0.6366156353506058,22,3,2025,5
106.1,101.39999999999999,110.35,100.1,4471047,-0.32863519871431657,23,3,2025,6
464.38,454.8,464.82,454.79,2289921,0.14916439510375912,24,3,2025,0
441.45,433.09,446.40999999999997,431.21,3298156,0.02956846986626882,25,3,2025,1
283.48,292.84000000000003,295.55,280.63,4922139,0.02652100914088451,26,3,2025,2
316.07,311.98,320.99,309.59000000000003,862371,-0.7855552115830251,27,3,2025,3
229.55,234.93,239.62,225.24,3357945,-0.15303598150133446,28,3,2025,4
74.64,77.13,79.39,74.11,3868950,-0.09526648158685957,29,3,2025,5
200.84,198.48,201.83,195.70999999999998,242980,0.467285680728897,30,3,2025,6
411.28,405.39,412.09999999999997,402.83,4796671,0.680037663841397,31,3,2025,0
52.08,44.51,53.28,43.1,2534003,0.08996455620003596,1,4,2025,1
200.07,202.37,205.92000000000002,195.95999999999998,357354,-0.826434091870019,2,4,2025,2
229.18,234.67000000000002,236.03000000000003,225.42000000000002,3306943,-0.5263010588069075,3,4,2025,3
291.83,294.71,296.41999999999996,288.16999999999996,2017160,-0.6701319462945379,4,4,2025,4
463.94,464.55,466.79,459.56,3415258,-0.7507698736217505,5,4,2025,5
205.86,196.70000000000002,210.43,193.09,4471545,-0.26820140276438487,6,4,2025,6
206.13,215.5,216.45,204.97,2335883,-0.5412129956912359,7,4,2025,0
381.88,387.85,387.88,378.35,2650982,-0.5633937763769754,8,4,2025,1
253.5,249.36,253.8,247.82000000000002,864265,-0.8906136508474647,9,4,2025,2
151.07,160.67,165.19,149.85999999999999,408617,-0.9646599104091322,10,4,2025,3
253.6,255.64,258.88,253.23,3080346,-0.7944635147004364,11,4,2025,4
113.39,115.04,116.41000000000001,109.67,844748,-0.6556050411527339,12,4,2025,5
129.37,134.33,135.22,125.81,3736562,-0.13803254230359374,13,4,2025,6
274.27,280.51,281.98,273.09999999999997,2154410,0.021040522597689293,14,4,2025,0
238.52,241.65,242.22,234.77,2577748,-0.7188161636532688,15,4,2025,1
461.68,454.24,466.39,449.65000000000003,834275,-0.15043331695162743,16,4,2025,2
213.08,209.85000000000002,217.0,209.31000000000003,1397819,-0.31650231534814544,17,4,2025,3
311.26,319.82,322.13,310.09999999999997,1134186,-0.6331527130040879,18,4,2025,4
334.52,329.01,338.84,325.26,698506,-0.9863185037032729,19,4,2025,5
55.89,53.33,57.14,51.96,656718,-0.06596426695651658,20,4,2025,6
348.59,347.22999999999996,352.17999999999995,344.10999999999996,1696853,0.3713034985303987,21,4,2025,0
130.12,128.91,134.4,128.5,452414,-0.547445331712386,22,4,2025,1
482.48,484.74,486.52,480.22,3063944,-0.7363863402066413,23,4,2025,2
116.9,125.76,129.55,113.2,2447693,0.7740854888939237,24,4,2025,3
236.58,231.39000000000001,238.06,227.96,2863545,-0.44995045502440445,25,4,2025,4
88.41,80.84,89.89999999999999,76.76,3616144,-0.5527747604146704,26,4,2025,5
498.59,492.53999999999996,499.13,488.15,4048401,0.7141938792198317,27,4,2025,6
275.99,283.73,285.93,272.12,224932,0.6342141983335225,28,4,2025,0
317.92,320.84000000000003,324.49,314.56,368083,-0.10330705895073278,29,4,2025,1
80.18,75.9,84.88000000000001,75.74000000000001,1851498,-0.021522277144450985,30,4,2025,2
387.48,393.8,396.82,384.81,3977809,-0.564502590331956,1,5,2025,3
144.46,151.69,156.01,144.27,4976709,-0.843396659040885,2,5,2025,4
454.12,461.05,465.16,450.08,1658426,0.14686365071132212,3,5,2025,5
142.31,150.69,151.56,140.71,3330431,-0.8033101568195737,4,5,2025,6
135.81,130.85,138.24,128.04,2692316,-0.10145090608670038,5,5,2025,0
66.45,71.55,72.13,65.05,389220,0.8809943970260214,6,5,2025,1
262.43,261.64,265.84000000000003,257.72999999999996,4076765,0.9056687783411688,7,5,2025,2
304.18,311.02,315.77,299.75,1495285,-0.5213354269052828,8,5,2025,3
79.57,84.13999999999999,84.82999999999998,77.58,4776029,0.2482268400913088,9,5,2025,4
398.99,404.52,408.19,394.68,3022705,-0.05184747178428473,10,5,2025,5
253.98,257.09999999999997,260.26,252.64,2764749,0.7513702551722119,11,5,2025,6
285.98,279.53000000000003,288.90000000000003,276.86,4099453,-0.45713827144789354,12,5,2025,0
248.34,249.24,251.19,244.05,1506978,-0.9925951863351663,13,5,2025,1
230.34,240.03,241.81,228.71,3021989,-0.6748775881371698,14,5,2025,2
301.84,310.59,310.82,297.07,1084156,-0.3009543976612039,15,5,2025,3
119.86,110.72,120.95,110.11,3813543,-0.3685577404590228,16,5,2025,4
131.87,125.17,131.95000000000002,125.08,963659,0.5827258382457718,17,5,2025,5
437.8,430.43,440.71000000000004,425.91,2337035,0.3611213322776756,18,5,2025,6
475.75,480.27,480.79999999999995,475.41,1303920,-0.4008873607702055,19,5,2025,0
217.99,224.35000000000002,228.72000000000003,213.03,3208591,-0.08451236566757325,20,5,2025,1
171.84,166.11,174.46,161.35000000000002,3710954,-0.8088817920833296,21,5,2025,2
339.8,339.92,343.42,339.11,847852,0.7962928896402015,22,5,2025,3
233.93,240.74,242.79000000000002,231.24,1256618,0.8708496488970683,23,5,2025,4
61.42,66.08,68.88,60.5,4011147,0.9596070707618762,24,5,2025,5
120.27,121.11,125.82,118.13,1207810,0.7371056615716753,25,5,2025,6
372.19,374.0,374.41,371.88,912283,-0.6520782246075489,26,5,2025,0
346.52,346.69,347.96,345.4,3014863,-0.9076070335967423,27,5,2025,1
62.19,58.14,66.09,56.32,1921367,0.15919345482534797,28,5,2025,2
149.89,151.19,151.68,147.7,3472863,0.8252100537662208,29,5,2025,3
153.98,157.76,158.14,149.09,2999033,-0.6452972766805143,30,5,2025,4
352.35,359.82000000000005,361.63000000000005,348.31,4632669,-0.9859141707517163,31,5,2025,5
58.87,61.599999999999994,62.059999999999995,55.18,1678315,0.6109920920644887,1,6,2025,6
96.85,102.07,105.0,94.16,1449590,-0.846408631426532,2,6,2025,0
409.96,403.15999999999997,411.09,398.96,3604438,-0.17258793617993917,3,6,2025,1
130.35,129.57999999999998,134.82999999999998,127.87999999999998,4680197,0.35777467437757005,4,6,2025,2
343.74,333.93,347.66,330.39,3145529,-0.5264048290876397,5,6,2025,3
157.18,152.11,160.68,147.14000000000001,2325541,-0.8320748731065466,6,6,2025,4
94.75,99.28,102.36,93.18,2911139,0.5400424569116573,7,6,2025,5
159.43,169.27,173.59,156.06,1569793,0.2603501697740829,8,6,2025,6
375.02,367.0,376.14,362.78,4590512,0.9769809689736095,9,6,2025,0
435.06,433.09,439.43,428.51,2997706,-0.3113839333600814,10,6,2025,1
423.6,429.6,433.55,420.01000000000005,3301473,-0.8764752274196006,11,6,2025,2
228.73,222.81,232.47,221.39000000000001,1198657,0.4687000706705915,12,6,2025,3
350.64,351.74,354.55,349.01,1026215,0.04346683770649129,13,6,2025,4
142.24,146.9,148.13,142.14000000000001,3133449,-0.5735921372217299,14,6,2025,5
181.92,184.23999999999998,186.35999999999999,178.11999999999998,1549991,0.5634579780095188,15,6,2025,6
453.35,447.11,457.32000000000005,446.90000000000003,2611910,-0.5924890283001125,16,6,2025,0
55.85,52.96,56.01,48.64,524528,-0.47867669033412685,17,6,2025,1
88.48,94.16,98.07,87.89,2635610,-0.8149428912665617,18,6,2025,2
143.55,144.63000000000002,145.83,142.69,2815223,-0.20113544193829114,19,6,2025,3
61.94,52.04,62.66,49.66,712181,-0.16214155212516213,20,6,2025,4
131.65,136.87,137.45000000000002,127.96000000000001,3745525,0.029123580696596818,21,6,2025,5
312.37,303.08,312.51,302.38,1750824,0.41792853424755494,22,6,2025,6
239.64,244.54999999999998,247.17,237.44,239227,0.8122018573608516,23,6,2025,0
451.7,445.75,452.78999999999996,443.34,1873055,-0.7245318022243827,24,6,2025,1
417.85,427.01000000000005,431.96000000000004,416.79,792137,-0.8913038033026859,25,6,2025,2
203.82,201.18,206.69,200.6,381854,-0.9629375328113334,26,6,2025,3
166.74,163.28,167.43,159.1,4974196,-0.7127572438623675,27,6,2025,4
220.86,213.84,224.3,211.33,760327,0.31589897156325186,28,6,2025,5
315.63,311.74,320.12,311.67,1757153,0.45495415599299327,29,6,2025,6
170.63,178.16,181.89,166.62,4445398,0.5730114270562443,30,6,2025,0
330.87,340.8,341.18,325.97,1585255,-0.5125835761913147,1,7,2025,1
234.24,231.61,238.72,228.58,4256004,-0.3882103734769602,2,7,2025,2
298.42,297.39000000000004,302.39000000000004,294.87000000000006,1906684,-0.03373070886900109,3,7,2025,3
246.26,250.7,251.48999999999998,241.87,1909858,-0.873633806279547,4,7,2025,4
182.51,190.23,190.48999999999998,177.75,579083,0.2222830464224923,5,7,2025,5
476.8,478.66,481.45000000000005,473.03000000000003,1494316,0.9674700673515155,6,7,2025,6
393.62,391.45,394.4,389.21999999999997,2001740,-0.27838737724399487,7,7,2025,0
113.05,111.3,117.22,108.34,4362627,0.5056949501827679,8,7,2025,1
440.81,444.72,446.51000000000005,437.31,4684946,6.783113921593475e-05,9,7,2025,2
269.34,259.4,273.9,258.42999999999995,2395936,-0.7443763112792345,10,7,2025,3
452.55,454.94,457.77,450.31,4401400,0.16447489760517264,11,7,2025,4
409.93,407.04,410.84000000000003,402.89000000000004,4741094,-0.4002514631118701,12,7,2025,5
241.35,247.23,247.92999999999998,238.07999999999998,2807184,-0.9311935830930835,13,7,2025,6
60.11,51.97,62.99,49.91,3012066,0.26985946023548757,14,7,2025,0
170.9,172.66,176.47,167.58,3870771,0.7178646986494552,15,7,2025,1
293.74,293.36,297.65000000000003,292.77000000000004,1640724,-0.3104604662002517,16,7,2025,2
335.07,337.92,339.3,333.06,2065730,-0.21940890557445902,17,7,2025,3
166.05,157.35000000000002,167.07000000000002,153.38000000000002,4662530,0.782043365934423,18,7,2025,4
112.71,114.30999999999999,114.38999999999999,111.61,4420614,0.6272176267347118,19,7,2025,5
425.72,426.95000000000005,430.35,424.79,4183290,0.4299056471035543,20,7,2025,6
492.98,494.19,494.57,488.23,775673,-0.5024058724937042,21,7,2025,0
286.56,288.63,290.73,285.51,4162224,0.820433309933289,22,7,2025,1
127.26,130.79,133.79999999999998,125.96000000000001,1988529,-0.691168484921574,23,7,2025,2
172.54,178.64,183.32999999999998,167.69,1194316,0.2535410388344437,24,7,2025,3
58.28,53.68,59.84,50.01,4400915,-0.9423976389069626,25,7,2025,4
461.43,467.93,469.18,457.93,1736675,0.2874396126498917,26,7,2025,5
102.99,102.96,106.25999999999999,98.69999999999999,806673,-0.4457112962532803,27,7,2025,6
309.43,300.97,312.53000000000003,300.39000000000004,901849,-0.10064604563255997,28,7,2025,0
173.32,164.48999999999998,174.98,160.95999999999998,1828665,-0.3094708958858938,29,7,2025,1
299.38,296.06,304.02,293.54,1261068,-0.6544864875075802,30,7,2025,2
343.14,348.84,353.06,338.99,1135891,0.24396158018774816,31,7,2025,3
423.38,427.53,428.65,420.84,853494,0.7639511102812149,1,8,2025,4
142.89,148.66,149.85999999999999,139.79,523177,0.9181684845648068,2,8,2025,5
54.95,55.300000000000004,57.86000000000001,52.56,742762,-0.6153072736921699,3,8,2025,6
111.6,110.39999999999999,115.47,108.00999999999999,867876,0.4347455481259468,4,8,2025,0
455.01,447.96,455.23,444.12,3804697,0.32867873321136454,5,8,2025,1
443.25,439.81,446.72,436.67,1306184,-0.3132444208508549,6,8,2025,2
318.84,317.52,322.08,314.34999999999997,1860511,-0.9618016012925483,7,8,2025,3
320.23,312.0,321.39000000000004,309.75,4684074,0.37958249462573224,8,8,2025,4
349.27,343.68,352.68,341.02,3641815,0.8909897211190003,9,8,2025,5
128.92,130.88,135.57999999999998,125.18999999999998,146002,0.26424024383130273,10,8,2025,6
461.49,466.2,466.43,457.36,4710146,-0.1294145516247318,11,8,2025,0
238.45,248.42,250.01999999999998,234.97,815339,0.050307788223256766,12,8,2025,1
222.41,231.07,233.26,217.79,4239289,-0.6007423846801649,13,8,2025,2
283.51,286.36,290.86,279.40999999999997,1884006,0.5010883275074751,14,8,2025,3
71.13,69.55,75.94,66.74,728889,0.49283966001969803,15,8,2025,4
124.83,127.55,129.77,121.47,2467108,-0.7089653992251501,16,8,2025,5
382.12,387.83,391.58,377.49,4689699,0.7559567649993182,17,8,2025,6
87.26,79.63000000000001,89.92,76.53000000000002,3944886,-0.46162052105338947,18,8,2025,0
321.42,319.62,324.11,315.5,1025779,0.9645121218732298,19,8,2025,1
160.41,167.21,168.6,156.97,2629832,-0.2341939719255084,20,8,2025,2
225.18,222.86,226.26000000000002,220.10000000000002,3419151,-0.6442318825310007,21,8,2025,3
179.91,181.35,182.79,178.7,325391,-0.2965597773086954,22,8,2025,4
210.05,211.81,214.59,207.92000000000002,291387,-0.11963934260561371,23,8,2025,5
373.57,367.26,373.71999999999997,362.42,3732632,-0.8613844539234103,24,8,2025,6
183.7,180.94,188.23999999999998,177.65,4708474,0.156436762446579,25,8,2025,0
304.88,301.57,305.65999999999997,298.75,2884067,0.1952648797378007,26,8,2025,1
264.22,254.74000000000004,265.32000000000005,250.08000000000004,1474073,0.47786091069894443,27,8,2025,2
348.65,339.13,351.23999999999995,336.2,2635394,-0.9416602154185134,28,8,2025,3
471.57,478.2,481.75,468.94,4657220,0.08247642886766027,29,8,2025,4
379.66,375.12,380.14000000000004,371.32,4472352,-0.8941851334586712,30,8,2025,5
146.72,147.08,148.67000000000002,143.16,1524663,0.4022884399333069,31,8,2025,6
64.03,60.0,68.87,59.03,2569146,-0.888544028598031,1,9,2025,0
168.02,176.83,178.14000000000001,165.66,3391070,0.8234556966832653,2,9,2025,1
317.79,312.98,319.36,310.62,786268,0.4041651337689931,3,9,2025,2
73.14,71.73,77.32,69.84,901955,0.014779530170314192,4,9,2025,3
273.36,280.81,281.06,270.77000000000004,1211009,-0.11699215343765013,5,9,2025,4
318.58,325.41999999999996,327.73999999999995,316.51,2113148,-0.7386547391734752,6,9,2025,5
200.41,194.13,202.31,193.13,4567223,-0.4180012208706738,7,9,2025,6
396.91,402.96000000000004,404.54,394.85,1619593,0.7379182100417925,8,9,2025,0
97.97,97.13,99.4,96.77,2544291,0.8089056231249878,9,9,2025,1
83.81,83.47,84.27,80.59,247745,-0.9985045832589379,10,9,2025,2
377.68,370.35,379.25,366.08000000000004,3892824,0.18827278295510252,11,9,2025,3
272.97,264.58000000000004,273.19000000000005,260.95000000000005,1830992,0.4386012180502272,12,9,2025,4
359.78,364.34,368.23999999999995,357.97999999999996,237686,0.23749396491521257,13,9,2025,5
245.67,245.6,247.66,245.16,2167636,-0.836640470267292,14,9,2025,6
160.88,159.62,163.1,158.61,4251923,-0.5645502024021956,15,9,2025,0
418.6,423.19,427.66,415.87,2083044,-0.4993194652372279,16,9,2025,1
409.74,415.05,418.34000000000003,408.7,4024221,0.6634492626101793,17,9,2025,2
362.61,355.79,362.65000000000003,353.07,3414344,-0.07360112738215907,18,9,2025,3
172.47,174.67,179.39,171.31,149976,-0.026343576117526357,19,9,2025,4
315.6,308.31,316.79,304.07,2622620,0.8697860931090171,20,9,2025,5
212.44,217.47,218.01,210.45,2463128,0.274171777709431,21,9,2025,6
91.21,94.35,98.19,89.97999999999999,3467611,0.7973354031053277,22,9,2025,0
462.79,471.92,474.42,458.73,4505813,-0.08698228931693408,23,9,2025,1
111.57,102.94999999999999,113.74,101.24,3742693,-0.7011274829634115,24,9,2025,2
477.61,468.75,478.86,468.19,2127320,0.8598711881481713,25,9,2025,3
250.7,246.33999999999997,253.44,243.48999999999998,1912105,-0.08258976866492351,26,9,2025,4
